Export Parameters,,,,,,,,,,,,,,,,,,,,,,,,,,,,,,,,,,,,,,,,,,,,,,,,,,,,,,,,,,,,,,,,,,,,,,,,,
Hansatech Instruments Ltd Pocket PEA Data,,,,,,,,,,,,,,,,,,,,,,,,,,,,,,,,,,,,,,,,,,,,,,,,,,,,,,,,,,,,,,,,,,,,,,,,,
PEA Plus Version: 1.10,,,,,,,,,,,,,,,,,,,,,,,,,,,,,,,,,,,,,,,,,,,,,,,,,,,,,,,,,,,,,,,,,,,,,,,,,
Format:3a,,,,,,,,,,,,,,,,,,,,,,,,,,,,,,,,,,,,,,,,,,,,,,,,,,,,,,,,,,,,,,,,,,,,,,,,,
Comment1:                                                                                                   ,,,,,,,,,,,,,,,,,,,,,,,,,,,,,,,,,,,,,,,,,,,,,,,,,,,,,,,,,,,,,,,,,,,,,,,,,
Comment2:                                                                                                   ,,,,,,,,,,,,,,,,,,,,,,,,,,,,,,,,,,,,,,,,,,,,,,,,,,,,,,,,,,,,,,,,,,,,,,,,,
Comment3:                                                                                                   ,,,,,,,,,,,,,,,,,,,,,,,,,,,,,,,,,,,,,,,,,,,,,,,,,,,,,,,,,,,,,,,,,,,,,,,,,
Comment4:                                                                                                   ,,,,,,,,,,,,,,,,,,,,,,,,,,,,,,,,,,,,,,,,,,,,,,,,,,,,,,,,,,,,,,,,,,,,,,,,,
,,,,,,,,,,,,,,,,,,,,,,,,,,,,,,,,,,,,,,,,,,,,,,,,,,,,,,,,,,,,,,,,,,,,,,,,,
Calculate PI using Fo=TRUE,,,,,,,,,,,,,,,,,,,,,,,,,,,,,,,,,,,,,,,,,,,,,,,,,,,,,,,,,,,,,,,,,,,,,,,,,
,,,,,,,,,,,,,,,,,,,,,,,,,,,,,,,,,,,,,,,,,,,,,,,,,,,,,,,,,,,,,,,,,,,,,,,,,
Note: the '*' in the column headers mean these columns are empty.  The columns are there for compatibility with Handy PEA data.,,,,,,,,,,,,,,,,,,,,,,,,,,,,,,,,,,,,,,,,,,,,,,,,,,,,,,,,,,,,,,,,,,,,,,,,,
,,,,,,,,,,,,,,,,,,,,,,,,,,,,,,,,,,,,,,,,,,,,,,,,,,,,,,,,,,,,,,,,,,,,,,,,,
Record No,*,*,Light,*,Dur.(sec),*,Date,Time,ID,Scaled,Scale,Offset,*,*, ,t for Fm,Area,Fo,Fm,Fv,F1,F2,F3,F4,F5,Fo/Fm,Fv/Fm,PI Inst.,Fv/Fo,Vj,Vi,dVG/dto,dV/dto,Sm,N,Sm/t(Fm),ABS/RC,DIo/RC,TRo/RC,ETo/RC,REo/RC,phi(Po),psi(Eo),phi(Eo),delta(Ro),phi(Ro),ABS/CSo,DIo/CSo,TRo/CSo,ETo/CSo,REo/CSo,ABS/CSm,DIo/CSm,TRo/CSm,ETo/CSm,REo/CSm,gamma(RC)/((1-gamma(RC)),phi(Po)/((1-phi(Po)),psi(Eo)/(1-psi(Eo)),PI abs,dRo/(1-dRo),PI total,DF abs,DF Total,kP / ABS * kF,kN / ABS * kF,Origin to F1,F1 to F3,F1 to F4,F1 to F5,F3 to F4,F4 to F5,F5 to Fm
1, , ,3500, ,1, ,28/06/2023,08:40:48,Ginkgo biloba, NO,-,-, , ,,300,1100111,6637,47775,41138,7349,8000,11253,24707,39361,0.1389,0.861,6.668,6.198,0.4393,0.7955,0.1582,0.374,26.742,22.7709,0.0891,0.9889,0.1374,0.8515,0.4775,0.174,0.8611,0.5607,0.4828,0.3647,0.1761,6637,922.0255,5714.97448,3204.6534,1168.88996,47775,6637,41138,23068,8414,1.0112,6.198,1.2766,8.002,0.5742,4.5944,0.9032,0.6622,0.0001,0,1627,9645,56771,450264,47126,393493,648220
2, , ,3500, ,1, ,28/06/2023,08:40:57,Ginkgo biloba, NO,-,-, , ,,400,939147,6340,41514,35174,7145,7940,11205,21798,34751,0.1527,0.847,4.7625,5.548,0.4395,0.8077,0.226,0.461,26.7,28.0104,0.0668,1.2382,0.1891,1.0491,0.588,0.202,0.8473,0.5605,0.4749,0.343,0.1629,6340,968.242,5371.75796,3011.01893,1032.84241,41514,6340,35174,19716,6763,0.8076,5.548,1.2755,5.715,0.5221,2.9839,0.757,0.4748,0.0001,0,1386,8085,47606,369611,39521,322005,568150
3, , ,3500, ,1, ,28/06/2023,08:41:09,Ginkgo biloba, NO,-,-, , ,,400,1150864,6572,42515,35943,7182,7757,10605,22641,33945,0.1546,0.845,5.6962,5.469,0.4471,0.7616,0.16,0.374,32.0191,26.7872,0.08,0.9896,0.153,0.8366,0.4626,0.199,0.8454,0.5529,0.4675,0.4312,0.2016,6572,1015.9046,5556.0954,3072.13755,1324.75691,42515,6572,35943,19874,8570,1.0105,5.469,1.2368,6.835,0.7581,5.1822,0.8348,0.7145,0.0001,0,1422,8429,49511,407851,41082,358340,741590
4, , ,3500, ,1, ,28/06/2023,08:41:17,Ginkgo biloba, NO,-,-, , ,,300,1052198,5683,37722,32039,6208,6636,8992,19427,29541,0.1507,0.849,6.6185,5.638,0.429,0.7447,0.1336,0.3443,32.8412,26.3561,0.1095,0.9449,0.1424,0.8025,0.4583,0.205,0.8493,0.571,0.485,0.4472,0.2169,5683,856.1712,4826.82883,2756.22939,1232.50684,37722,5683,32039,18295,8181,1.0583,5.638,1.3311,7.942,0.8089,6.4243,0.8999,0.8078,0.0001,0,1269,7555,45065,379604,37510,334539,671325
5, , ,3500, ,1, ,28/06/2023,08:41:27,Ginkgo biloba, NO,-,-, , ,,700,1842665,5796,39622,33826,6316,6802,9138,19348,28557,0.1463,0.854,7.5563,5.836,0.4006,0.6729,0.1437,0.3293,54.4748,44.7793,0.0778,0.9629,0.1409,0.822,0.4927,0.269,0.8537,0.5994,0.5117,0.5458,0.2793,5796,847.8526,4948.14739,2965.72874,1618.61441,39622,5796,33826,20274,11065,1.0386,5.836,1.496,9.068,1.2015,10.8951,0.9575,1.0372,0.0001,0,1340,7992,48727,453725,40735,404998,1387600
6, , ,3500, ,1, ,28/06/2023,08:41:44,Ginkgo biloba, NO,-,-, , ,,400,1176192,6135,37952,31817,6756,7323,10040,20574,29803,0.1617,0.838,4.8371,5.186,0.4538,0.7439,0.1782,0.4091,36.9674,33.3259,0.0924,1.0753,0.1738,0.9015,0.4924,0.231,0.8383,0.5462,0.4579,0.4689,0.2147,6135,991.7323,5143.26768,2809.18081,1317.29856,37952,6135,31817,17378,8149,0.93,5.186,1.2035,5.805,0.883,5.1253,0.7638,0.7097,0.0001,0,1257,7407,43181,366160,35774,322979,808775
7, , ,3500, ,1, ,28/06/2023,08:41:52,Ginkgo biloba, NO,-,-, , ,,400,1274344,6010,40836,34826,6591,7121,9742,20929,31373,0.1472,0.853,6.5901,5.795,0.4284,0.7283,0.1522,0.3572,36.5918,30.5115,0.0915,0.9777,0.1439,0.8338,0.4766,0.227,0.8528,0.5716,0.4875,0.4754,0.2317,6010,884.5161,5125.48389,2929.79405,1392.70815,40836,6010,34826,19907,9463,1.0228,5.795,1.3343,7.908,0.9061,7.1653,0.8981,0.8552,0.0001,0,1378,8185,48844,424357,40659,375513,848610
8, , ,3500, ,1, ,28/06/2023,08:42:02,Ginkgo biloba, NO,-,-, , ,,300,1154163,6350,41185,34835,7036,7636,10691,22695,32472,0.1542,0.846,4.9409,5.486,0.4692,0.7499,0.1722,0.4154,33.1323,29.3315,0.1104,1.0467,0.1614,0.8853,0.4699,0.221,0.8458,0.5308,0.4489,0.4712,0.2116,6350,979.0579,5370.94209,2850.83161,1343.3908,41185,6350,34835,18490,8713,0.9554,5.486,1.1312,5.929,0.8912,5.2838,0.773,0.7229,0.0001,0,1376,8107,46478,393782,38371,347304,759005
9, , ,3500, ,1, ,28/06/2023,08:42:10,Ginkgo biloba, NO,-,-, , ,,300,1062802,6016,38276,32260,6603,7197,9999,20911,30483,0.1572,0.843,4.9261,5.362,0.4617,0.7584,0.1841,0.4116,32.9449,29.3654,0.1098,1.0576,0.1662,0.8914,0.4798,0.215,0.8428,0.5383,0.4537,0.4488,0.2036,6016,945.56,5070.43996,2729.33013,1224.85861,38276,6016,32260,17365,7793,0.9456,5.362,1.1658,5.911,0.8141,4.8126,0.7717,0.6824,0.0001,0,1275,7514,43443,358932,35929,315489,702595
10, , ,3500, ,1, ,28/06/2023,08:42:20,Ginkgo biloba, NO,-,-, , ,,400,1072346,6247,37778,31531,6925,7581,10570,21441,30313,0.1654,0.835,3.9801,5.047,0.4819,0.7632,0.208,0.457,34.0093,32.2544,0.085,1.1363,0.1879,0.9484,0.4914,0.225,0.8346,0.5181,0.4324,0.4569,0.1976,6247,1033.00887,5213.99113,2701.49926,1234.41831,37778,6247,31531,16337,7465,0.88,5.047,1.0752,4.776,0.8414,4.0187,0.6791,0.6041,0.0001,0,1243,7273,41363,341063,34089,299700,730040
11, , ,3500, ,1, ,28/06/2023,08:42:32,Ginkgo biloba, NO,-,-, , ,,400,1007164,5589,35183,29594,6090,6524,8719,18676,27959,0.1589,0.841,5.8722,5.295,0.4422,0.7559,0.1467,0.3525,34.0327,27.1319,0.0851,0.9478,0.1506,0.7972,0.4447,0.195,0.8411,0.5578,0.4692,0.4376,0.2053,5589,887.8413,4701.15868,2622.22161,1147.56945,35183,5589,29594,16507,7224,1.0551,5.295,1.2613,7.047,0.7782,5.4837,0.848,0.7391,0.0002,0,1172,6960,41281,336478,34321,295197,669515
12, , ,3500, ,1, ,28/06/2023,08:42:43,Ginkgo biloba, NO,-,-, , ,,400,908303,6089,43340,37251,6709,7246,10020,22178,36231,0.1405,0.86,7.0768,6.118,0.4319,0.8092,0.1442,0.3518,24.3833,19.8585,0.061,0.9476,0.1331,0.8144,0.4627,0.155,0.8595,0.5681,0.4883,0.3359,0.164,6089,855.4666,5233.53343,2973.12916,998.7702,43340,6089,37251,21162,7109,1.0553,6.118,1.3153,8.492,0.5059,4.2959,0.929,0.6331,0.0001,0,1474,8771,52047,401554,43276,349507,505275
13, , ,3500, ,1, ,28/06/2023,08:42:52,Ginkgo biloba, NO,-,-, , ,,400,1269629,6316,44857,38541,6830,7337,9727,21499,35112,0.1408,0.859,8.9757,6.102,0.3939,0.7472,0.1315,0.295,32.9423,24.6693,0.0824,0.8716,0.1227,0.7489,0.4539,0.189,0.8592,0.6061,0.5207,0.4172,0.2172,6316,889.3117,5426.68828,3288.87638,1372.1252,44857,6316,38541,23358,9745,1.1473,6.102,1.5384,10.771,0.7159,7.7104,1.0322,0.8871,0.0001,0,1528,9162,56231,474020,47069,417790,794080
14, , ,3500, ,1, ,28/06/2023,08:43:02,Ginkgo biloba, NO,-,-, , ,,290,1173055,9063,70490,61427,10222,11285,16659,37057,61096,0.1286,0.871,6.499,6.778,0.4557,0.8471,0.1731,0.4122,19.0967,17.2726,0.0659,1.0379,0.1334,0.9045,0.4923,0.138,0.8714,0.5443,0.4743,0.281,0.1333,9063,1165.24286,7897.75714,4298.52857,1207.8,70490,9063,61427,33433,9394,0.9635,6.778,1.1943,7.799,0.3908,3.0476,0.892,0.484,0.0001,0,2427,14308,82608,606124,68299,523516,564505
15, , ,3500, ,1, ,28/06/2023,08:43:10,Ginkgo biloba, NO,-,-, , ,,290,997065,6508,51357,44849,7120,7681,10609,24553,43198,0.1267,0.873,9.8335,6.891,0.4024,0.8181,0.1251,0.3048,22.2316,16.8416,0.0767,0.8675,0.1099,0.7576,0.4528,0.138,0.8733,0.5976,0.5219,0.3044,0.1589,6508,824.699,5683.30105,3396.62426,1033.91499,51357,6508,44849,26804,8159,1.1528,6.891,1.4854,11.8,0.4376,5.1637,1.0719,0.713,0.0001,0,1778,10650,64782,492207,54132,427426,503080
16, , ,3500, ,1, ,28/06/2023,08:44:34,Quercus robur, NO,-,-, , ,,300,784287,5491,29684,24193,5926,6329,8333,18145,24395,0.185,0.815,3.6449,4.406,0.523,0.7814,0.1666,0.3916,32.4179,24.2695,0.1081,0.9186,0.1699,0.7486,0.3571,0.164,0.815,0.477,0.3887,0.4584,0.1782,5491,1015.73511,4475.26489,2134.50509,978.3688,29684,5491,24193,11539,5289,1.0887,4.406,0.9119,4.374,0.8462,3.7014,0.6409,0.5684,0.0001,0,957,5657,30922,242035,25266,211113,541295
17, , ,3500, ,1, ,28/06/2023,08:44:44,Quercus robur, NO,-,-, , ,,300,644175,5350,27081,21731,5772,6154,8048,16837,22518,0.1976,0.802,3.0939,4.062,0.5286,0.79,0.1758,0.4138,29.6431,23.208,0.0988,0.9757,0.1927,0.7829,0.3691,0.164,0.8024,0.4714,0.3783,0.4454,0.1685,5350,1056.92183,4293.07817,2023.75835,901.4457,27081,5350,21731,10244,4563,1.0249,4.062,0.8918,3.713,0.8032,2.9821,0.5697,0.4745,0.0001,0,859,5061,27590,210500,22529,182910,432815
18, , ,3500, ,1, ,28/06/2023,08:44:54,Quercus robur, NO,-,-, , ,,300,767445,5844,30415,24571,6325,6782,9071,19421,25308,0.1921,0.808,2.893,4.204,0.5526,0.7922,0.186,0.4378,31.2338,24.7456,0.1041,0.9807,0.1884,0.7923,0.3545,0.165,0.8079,0.4474,0.3615,0.4645,0.1679,5844,1122.87805,4721.12195,2112.40953,981.2694,30415,5844,24571,10994,5107,1.0197,4.204,0.8098,3.472,0.8675,3.0116,0.5405,0.4788,0.0001,0,971,5705,30112,231039,24407,200927,535435
19, , ,3500, ,1, ,28/06/2023,08:45:14,Quercus robur, NO,-,-, , ,,300,658612,5633,31989,26356,6163,6609,9162,20329,27834,0.1761,0.824,3.1842,4.679,0.5576,0.8424,0.1692,0.4463,24.9891,20.0024,0.0833,0.9715,0.1711,0.8004,0.3541,0.126,0.8239,0.4424,0.3645,0.3563,0.1299,5633,991.925,4641.07499,2053.23017,731.6614,31989,5633,26356,11660,4155,1.0293,4.679,0.7934,3.821,0.5536,2.1155,0.5822,0.3254,0.0001,0,1041,6112,32002,226246,25891,194244,431325
20, , ,3500, ,1, ,28/06/2023,08:45:25,Quercus robur, NO,-,-, , ,,290,728612,5394,31112,25718,5885,6324,8628,18872,26373,0.1734,0.827,3.7292,4.768,0.5241,0.8157,0.1707,0.4192,28.3308,22.6596,0.0977,0.9676,0.1678,0.7998,0.3807,0.147,0.8266,0.4759,0.3934,0.3872,0.1523,5394,935.1773,4458.82271,2122.09308,821.6176,31112,5394,25718,12240,4739,1.0335,4.768,0.9081,4.475,0.6318,2.8273,0.6508,0.4514,0.0002,0,1017,5991,32469,241905,26477,209437,485690
21, , ,3500, ,1, ,28/06/2023,08:45:40,Quercus robur, NO,-,-, , ,,290,587402,5076,29488,24412,5582,5982,8290,18195,25729,0.1721,0.828,3.4974,4.809,0.5374,0.846,0.1639,0.4389,24.062,19.6497,0.083,0.9864,0.1698,0.8166,0.3778,0.126,0.8279,0.4626,0.383,0.3329,0.1275,5076,873.7716,4202.22843,1943.95239,647.0661,29488,5076,24412,11293,3759,1.0138,4.809,0.8608,4.197,0.4989,2.094,0.6229,0.321,0.0002,0,964,5665,30233,215558,24568,185325,370880
22, , ,3500, ,1, ,28/06/2023,08:45:50,Quercus robur, NO,-,-, , ,,600,1127185,5143,29197,24054,5423,5683,6905,13668,22271,0.1761,0.824,8.4898,4.677,0.3544,0.7121,0.1081,0.2442,46.8606,32.2848,0.0781,0.8363,0.1473,0.689,0.4448,0.198,0.8239,0.6456,0.5319,0.446,0.2372,5143,905.9304,4237.06963,2735.40593,1220.00267,29197,5143,24054,15529,6926,1.1958,4.677,1.8216,10.188,0.8051,8.2018,1.0081,0.9139,0.0002,0,956,5764,36648,315300,30883,278652,810930
23, , ,3500, ,1, ,28/06/2023,08:45:59,Quercus robur, NO,-,-, , ,,600,815422,5820,34714,28894,6244,6650,8621,18862,29559,0.1677,0.832,5.8465,4.965,0.4514,0.8216,0.1405,0.3231,28.2211,20.2033,0.047,0.8601,0.1442,0.7159,0.3928,0.128,0.8323,0.5486,0.4566,0.3252,0.1485,5820,975.7562,4844.24382,2657.67817,864.2651,34714,5820,28894,15852,5155,1.1627,4.965,1.2155,7.016,0.4819,3.381,0.8461,0.529,0.0001,0,1145,6838,39991,292002,33153,252010,522275
24, , ,3500, ,1, ,28/06/2023,08:46:13,Quercus robur, NO,-,-, , ,,300,895753,5659,33540,27881,6040,6382,8136,18595,27683,0.1687,0.831,6.1777,4.927,0.464,0.7899,0.1227,0.2961,32.1277,20.5062,0.1071,0.7678,0.1295,0.6383,0.3421,0.134,0.8313,0.536,0.4456,0.3919,0.1746,5659,954.8086,4704.19138,2521.57886,988.216,33540,5659,27881,14945,5857,1.3024,4.927,1.1553,7.413,0.6445,4.7776,0.87,0.6792,0.0001,0,1106,6632,38663,293582,32030,254920,601065
25, , ,3500, ,1, ,28/06/2023,08:46:31,Quercus robur, NO,-,-, , ,,290,615014,4803,27192,22389,5192,5556,7356,16552,23141,0.1766,0.823,3.999,4.661,0.5248,0.8191,0.1626,0.3801,27.4695,19.8966,0.0947,0.8797,0.1554,0.7243,0.3442,0.131,0.8234,0.4752,0.3913,0.3807,0.149,4803,848.3675,3954.6325,1879.37335,715.5396,27192,4803,22389,10640,4051,1.1367,4.661,0.9056,4.799,0.6148,2.9503,0.6811,0.4699,0.0002,0,886,5247,28706,208788,23459,180082,405340
26, , ,3500, ,1, ,28/06/2023,08:47:07,Quercus robur, NO,-,-, , ,,300,633650,6171,37562,31391,7054,7822,12062,24578,33485,0.1643,0.836,2.3424,5.087,0.5864,0.8701,0.2447,0.6256,20.1857,21.5342,0.0673,1.2765,0.2097,1.0668,0.4413,0.139,0.8357,0.4136,0.3457,0.314,0.1085,6171,1013.82357,5157.17643,2133.12028,669.8037,37562,6171,31391,12984,4077,0.7834,5.087,0.7054,2.811,0.4577,1.2866,0.4488,0.1095,0.0001,0,1232,7054,34681,241093,27627,206412,391325
27, , ,3500, ,1, ,28/06/2023,08:47:27,Quercus robur, NO,-,-, , ,,400,903773,5593,32369,26776,5985,6347,8166,18445,26191,0.1728,0.827,5.3577,4.787,0.48,0.7693,0.1352,0.3203,33.7531,22.5248,0.0844,0.8067,0.1394,0.6673,0.347,0.154,0.8272,0.52,0.4302,0.4437,0.1909,5593,966.4076,4626.59236,2405.91096,1067.48908,32369,5593,26776,13924,6178,1.2396,4.787,1.0834,6.429,0.7976,5.1278,0.8082,0.7099,0.0001,0,1062,6343,36293,288751,29949,252458,613960
28, , ,3500, ,1, ,28/06/2023,08:47:44,Quercus robur, NO,-,-, , ,,300,632155,4396,25330,20934,4824,5210,7241,15784,21152,0.1735,0.826,3.3013,4.762,0.544,0.8004,0.1844,0.453,30.1975,25.1469,0.1007,1.0076,0.1749,0.8327,0.3797,0.166,0.8265,0.456,0.3769,0.4377,0.1649,4396,762.9221,3633.07793,1656.7002,725.0884,25330,4396,20934,9546,4178,0.9924,4.762,0.8383,3.962,0.7783,3.0834,0.5979,0.489,0.0002,0,827,4849,25690,198678,20841,172988,432650
29, , ,3500, ,1, ,28/06/2023,08:47:54,Quercus robur, NO,-,-, , ,,300,758386,5381,31789,26408,5826,6236,8325,18970,26704,0.1693,0.831,4.438,4.908,0.5146,0.8074,0.1553,0.3716,28.718,20.7388,0.0957,0.8693,0.1471,0.7222,0.3505,0.139,0.8307,0.4854,0.4033,0.3967,0.16,5381,910.8547,4470.14527,2169.90277,860.7501,31789,5381,26408,12819,5085,1.1503,4.908,0.9433,5.326,0.6575,3.5015,0.7264,0.5443,0.0002,0,1045,6200,34243,254446,28042,220203,502895
30, , ,3500, ,1, ,28/06/2023,08:48:07,Quercus robur, NO,-,-, , ,,290,723341,5700,34662,28962,6177,6594,8804,19861,30027,0.1644,0.836,5.061,5.081,0.489,0.84,0.144,0.3572,24.9755,18.2483,0.0861,0.8744,0.1438,0.7306,0.3734,0.117,0.8356,0.511,0.427,0.3132,0.1337,5700,937.3377,4762.66228,2433.95361,762.2036,34662,5700,28962,14801,4635,1.1436,5.081,1.0452,6.073,0.4559,2.769,0.7834,0.4423,0.0001,0,1147,6819,38562,273254,31743,234693,448940
31, , ,3500, ,1, ,28/06/2023,08:49:00,Arbutus unedo, NO,-,-, , ,,400,1193790,6753,42767,36014,7370,7976,10614,21529,34719,0.1579,0.842,6.1758,5.333,0.4103,0.7765,0.1683,0.3574,33.1479,28.8721,0.0829,1.0343,0.1633,0.871,0.5136,0.195,0.8421,0.5897,0.4966,0.3789,0.1882,6753,1066.31302,5686.68698,3353.52524,1270.79627,42767,6753,36014,21238,8048,0.9668,5.333,1.4373,7.411,0.6102,4.5218,0.8699,0.6553,0.0001,0,1425,8456,50931,398690,42475,347759,793675
32, , ,3500, ,1, ,28/06/2023,08:49:09,Arbutus unedo, NO,-,-, , ,,400,1058420,6658,43062,36404,7271,7846,10455,21537,35631,0.1546,0.845,6.5509,5.468,0.4087,0.7959,0.1579,0.3477,29.0743,24.7317,0.0727,1.0062,0.1556,0.8506,0.503,0.174,0.8454,0.5913,0.4999,0.3452,0.1726,6658,1029.42186,5628.57814,3328.07231,1148.93869,43062,6658,36404,21525,7431,0.9938,5.468,1.4467,7.861,0.5272,4.1447,0.8955,0.6175,0.0001,0,1441,8563,51681,392774,43118,341093,664205
33, , ,3500, ,1, ,28/06/2023,08:49:18,Arbutus unedo, NO,-,-, , ,,500,1008489,6819,43692,36873,7513,8168,11163,22601,36548,0.1561,0.844,5.5391,5.407,0.428,0.8063,0.1776,0.3927,27.3503,25.094,0.0547,1.0872,0.1697,0.9175,0.5248,0.178,0.8439,0.572,0.4827,0.3387,0.1635,6819,1064.2397,5754.7603,3291.66733,1114.96237,43692,6819,36873,21091,7144,0.9198,5.407,1.3364,6.647,0.5122,3.4047,0.8226,0.5321,0.0001,0,1457,8602,50879,381027,42277,330148,626005
34, , ,3500, ,1, ,28/06/2023,08:49:28,Arbutus unedo, NO,-,-, , ,,500,1220551,7025,45226,38201,7700,8273,11056,22760,36721,0.1553,0.845,6.3998,5.438,0.4119,0.7774,0.15,0.3517,31.9508,27.2839,0.0639,1.011,0.157,0.8539,0.5022,0.19,0.8447,0.5881,0.4967,0.3786,0.1881,7025,1091.20031,5933.79969,3489.66634,1321.09019,45226,7025,38201,22466,8505,0.9891,5.438,1.4278,7.68,0.6092,4.6785,0.8853,0.6701,0.0001,0,1512,8978,53958,423624,44980,369666,795415
35, , ,3500, ,1, ,28/06/2023,08:50:13,Arbutus unedo, NO,-,-, , ,,300,1005162,6645,40478,33833,7332,7974,10942,21695,33449,0.1642,0.836,4.6506,5.091,0.4448,0.7922,0.1898,0.4234,29.7095,28.275,0.099,1.1386,0.1869,0.9517,0.5284,0.198,0.8358,0.5552,0.464,0.3742,0.1736,6645,1090.86479,5554.13521,3083.47831,1153.90348,40478,6645,33833,18783,7029,0.8782,5.091,1.248,5.581,0.598,3.3373,0.7467,0.5234,0.0001,0,1336,7846,45777,357251,37931,311474,646575
36, , ,3500, ,1, ,28/06/2023,08:50:21,Arbutus unedo, NO,-,-, , ,,290,1019211,7621,42858,35237,8628,9542,13667,24915,35510,0.1778,0.822,2.8205,4.624,0.4908,0.7915,0.2594,0.5719,28.9244,33.7067,0.0997,1.4174,0.252,1.1653,0.5934,0.243,0.8222,0.5092,0.4187,0.4095,0.1714,7621,1355.16452,6265.83548,3190.62026,1306.61972,42858,7621,35237,17943,7348,0.7055,4.624,1.0375,3.385,0.6935,2.3473,0.5295,0.3706,0.0001,0,1384,7931,43905,353007,35974,309102,664820
37, , ,3500, ,1, ,28/06/2023,08:50:31,Arbutus unedo, NO,-,-, , ,,300,863922,8350,48187,39837,9576,10728,15605,28138,41562,0.1733,0.827,2.7249,4.771,0.4967,0.8337,0.2892,0.6071,21.6864,26.5034,0.0723,1.4783,0.2562,1.2221,0.6151,0.203,0.8267,0.5033,0.4161,0.3304,0.1375,8350,1446.91514,6903.08486,3474.15589,1148.00154,48187,8350,39837,20049,6625,0.6765,4.771,1.0132,3.27,0.4935,1.6138,0.5145,0.2078,0.0001,0,1562,8897,48905,361816,40009,312910,500545
38, , ,3500, ,1, ,28/06/2023,08:50:39,Arbutus unedo, NO,-,-, , ,,400,1117486,6922,43608,36686,7662,8364,11452,22851,35691,0.1587,0.841,5.1075,5.3,0.4342,0.7842,0.1914,0.4116,30.4608,28.8756,0.0762,1.1268,0.1789,0.948,0.5364,0.205,0.8413,0.5658,0.476,0.3814,0.1815,6922,1098.74528,5823.25472,3294.80724,1256.68396,43608,6922,36686,20757,7917,0.8875,5.3,1.3031,6.129,0.6166,3.7791,0.7874,0.5774,0.0001,0,1448,8521,50117,396663,41596,346546,719375
39, , ,3500, ,1, ,28/06/2023,08:50:51,Arbutus unedo, NO,-,-, , ,,900,1141835,7689,37694,30005,8802,9843,14137,23133,30445,0.204,0.796,1.7537,3.902,0.5147,0.7584,0.3469,0.7163,38.0548,52.9607,0.0423,1.7483,0.3566,1.3917,0.6754,0.336,0.796,0.4853,0.3863,0.4978,0.1923,7689,1568.4385,6120.5615,2970.22149,1478.68523,37694,7689,30005,14561,7249,0.572,3.902,0.9428,2.104,0.9914,2.0863,0.3231,0.3194,0.0001,0,1172,6550,35094,310778,28544,275683,829885
40, , ,3500, ,1, ,28/06/2023,08:51:22,Arbutus unedo, NO,-,-, , ,,400,1065459,9635,51369,41734,11167,12590,18616,31419,43646,0.1876,0.812,1.9543,4.331,0.522,0.8149,0.341,0.7173,25.5298,35.0843,0.0638,1.6915,0.3173,1.3743,0.6569,0.254,0.8124,0.478,0.3884,0.3871,0.1503,9635,1807.18381,7827.81619,3741.91146,1448.56051,51369,9635,41734,19950,7723,0.5912,4.331,0.9158,2.345,0.6316,1.4813,0.3702,0.1706,0.0001,0,1630,9112,48508,383584,39397,335076,680245
41, , ,3500, ,1, ,28/06/2023,08:51:32,Arbutus unedo, NO,-,-, , ,,300,939329,7086,41572,34486,7903,8662,12172,23095,34818,0.1705,0.83,3.6667,4.867,0.4642,0.8042,0.2201,0.4916,27.238,28.8447,0.0908,1.2766,0.2176,1.059,0.5674,0.207,0.8295,0.5358,0.4445,0.3655,0.1625,7086,1207.81767,5878.18233,3149.42803,1151.22785,41572,7086,34486,18477,6754,0.7833,4.867,1.1542,4.4,0.5761,2.535,0.6435,0.404,0.0001,0,1358,7894,44995,349771,37101,304776,588200
42, , ,3500, ,1, ,28/06/2023,08:51:41,Arbutus unedo, NO,-,-, , ,,500,984075,7288,35249,27961,8256,9167,12952,21602,28654,0.2068,0.793,1.8332,3.837,0.5119,0.7641,0.3258,0.6752,35.1945,46.4212,0.0704,1.6628,0.3438,1.319,0.6438,0.311,0.7932,0.4881,0.3872,0.4833,0.1871,7288,1506.84967,5781.15033,2821.62149,1363.56663,35249,7288,27961,13647,6595,0.6014,3.837,0.9534,2.2,0.9352,2.0573,0.3424,0.3133,0.0001,0,1094,6155,33312,285246,27157,251934,697735
43, , ,3500, ,1, ,28/06/2023,08:51:50,Arbutus unedo, NO,-,-, , ,,290,890600,7313,39894,32581,8364,9387,13658,24081,33466,0.1833,0.817,2.267,4.455,0.5147,0.8027,0.314,0.6492,27.3349,34.4784,0.0943,1.5444,0.2831,1.2613,0.6122,0.249,0.8167,0.4853,0.3964,0.4065,0.1611,7313,1340.55169,5972.44831,2898.69326,1178.32165,39894,7313,32581,15813,6428,0.6475,4.455,0.943,2.72,0.6849,1.8633,0.4346,0.2703,0.0001,0,1276,7217,38866,312984,31649,274118,576340
44, , ,3500, ,1, ,28/06/2023,08:52:00,Arbutus unedo, NO,-,-, , ,,400,973952,7473,38000,30527,8430,9365,13222,22782,31538,0.1967,0.803,2.1717,4.085,0.5015,0.7883,0.3063,0.6278,31.9046,39.9372,0.0798,1.5582,0.3064,1.2518,0.624,0.265,0.8033,0.4985,0.4005,0.4246,0.1701,7473,1469.62445,6003.37555,2992.73984,1270.80332,38000,7473,30527,15218,6462,0.6418,4.085,0.9941,2.606,0.738,1.9233,0.416,0.284,0.0001,0,1197,6787,37157,300520,30370,263363,672235
45, , ,3500, ,1, ,28/06/2023,08:52:17,Arbutus unedo, NO,-,-, , ,,300,473263,8113,32557,24444,8763,9363,11929,19710,28476,0.2492,0.751,1.9039,3.013,0.4744,0.833,0.2455,0.5204,19.3611,21.236,0.0645,1.4609,0.364,1.0968,0.5765,0.183,0.7508,0.5256,0.3946,0.3177,0.1253,8113,2021.70866,6091.29134,3201.39174,1016.95958,32557,8113,24444,12847,4081,0.6845,3.013,1.1078,2.285,0.4655,1.0636,0.3588,0.0268,0.0001,0,963,5554,31681,212416,26127,180735,259885
46, , ,3500, ,1, ,28/06/2023,08:53:14,Aesculus indica, NO,-,-, , ,,500,448408,12419,42900,30481,13958,15608,20614,30970,39813,0.2895,0.711,0.6347,2.454,0.6086,0.8987,0.5413,0.8962,14.75,21.7196,0.0295,2.0725,0.6,1.4725,0.5763,0.149,0.7105,0.3914,0.2781,0.2588,0.072,12419,3595.14128,8823.85872,3453.58205,893.6469,42900,12419,30481,11930,3087,0.4825,2.454,0.6431,0.762,0.3491,0.2659,-0.1183,-0.5753,0.0001,0,1187,6326,32020,197943,25693,165923,250465
47, , ,3500, ,1, ,28/06/2023,08:54:02,Aesculus indica, NO,-,-, , ,,700,1011647,8978,45216,36238,9949,10928,14971,27987,39942,0.1986,0.801,2.3249,4.036,0.5246,0.8545,0.2702,0.5513,27.9561,29.3792,0.0399,1.3113,0.2604,1.0509,0.4996,0.153,0.8014,0.4754,0.381,0.3061,0.1166,8978,1782.65402,7195.34598,3420.95634,1047.19506,45216,8978,36238,17229,5274,0.7626,4.036,0.9064,2.79,0.4412,1.2308,0.4456,0.0902,0.0001,0,1425,8191,44873,297682,36683,252809,713965
48, , ,3500, ,1, ,28/06/2023,08:54:13,Aesculus indica, NO,-,-, , ,,600,763089,5490,33500,28010,6415,7217,11059,19344,28202,0.1639,0.836,2.7109,5.102,0.4946,0.8109,0.2863,0.6627,27.2826,36.5566,0.0455,1.6026,0.2626,1.3399,0.6772,0.253,0.8361,0.5054,0.4226,0.3743,0.1581,5490,899.7045,4590.29552,2319.89373,868.2394,33500,5490,28010,14156,5298,0.624,5.102,1.0218,3.253,0.5981,1.9457,0.5123,0.2891,0.0002,0,1095,6201,33872,276954,27670,243083,486135
49, , ,3500, ,1, ,28/06/2023,08:54:24,Aesculus indica, NO,-,-, , ,,400,1163439,7569,42880,35311,8198,8765,11516,23160,34656,0.1765,0.823,4.7985,4.665,0.4415,0.7671,0.1606,0.3726,32.9879,27.8373,0.0825,1.0247,0.1809,0.8439,0.4713,0.197,0.8235,0.5585,0.4599,0.417,0.1918,7569,1336.04853,6232.95147,3480.89272,1451.66642,42880,7569,35311,19720,8224,0.9759,4.665,1.2648,5.758,0.7154,4.1193,0.7603,0.6148,0.0001,0,1397,8273,48738,397684,40465,348947,765755
50, , ,3500, ,1, ,28/06/2023,08:54:33,Aesculus indica, NO,-,-, , ,,900,939125,9139,42575,33436,10170,11188,15333,26613,37796,0.2147,0.785,1.8511,3.659,0.5226,0.8571,0.3045,0.6175,28.1265,33.2332,0.0313,1.5045,0.323,1.1816,0.5641,0.169,0.7853,0.4774,0.3749,0.2994,0.1122,9139,1961.74565,7177.25435,3426.34687,1025.84336,42575,9139,33436,15962,4779,0.6647,3.659,0.9135,2.221,0.4273,0.9493,0.3466,-0.0226,0.0001,0,1311,7450,40806,261935,33356,221129,677190
51, , ,3500, ,1, ,28/06/2023,08:55:02,Aesculus indica, NO,-,-, , ,,280,83917,27653,42317,14664,29106,30924,34511,38786,41665,0.6535,0.347,0.0237,0.53,0.7592,0.9555,1.2398,1.5589,5.7614,11.8302,0.0206,5.9255,3.8722,2.0534,0.4944,0.091,0.3465,0.2408,0.0834,0.1847,0.0154,27653,18070.4778,9582.5222,2307.41175,426.0641,42317,27653,14664,3531,652,0.1688,0.53,0.3172,0.028,0.2265,0.0064,-1.5469,-2.1919,0,0,568,2471,10619,50332,8148,39713,33585
52, , ,3500, ,1, ,28/06/2023,08:55:12,Aesculus indica, NO,-,-, , ,,600,516151,13379,44393,31014,14895,16436,21744,33212,41418,0.3014,0.699,0.5412,2.318,0.6395,0.9041,0.4969,0.8991,16.6814,23.4525,0.0278,2.0124,0.6065,1.4059,0.5068,0.135,0.6986,0.3605,0.2519,0.2661,0.067,13379,4032.11409,9346.88591,3369.68889,896.5946,44393,13379,31014,11181,2975,0.4969,2.318,0.5638,0.649,0.3625,0.2354,-0.1875,-0.6281,0.0001,0,1207,6469,31317,182791,24848,151474,333360
53, , ,3500, ,1, ,28/06/2023,08:55:20,Aesculus indica, NO,-,-, , ,,600,458301,10882,42498,31616,12427,14011,19560,31061,39573,0.2561,0.744,0.7121,2.905,0.6383,0.9075,0.501,0.9149,14.5347,20.8356,0.0242,1.9269,0.4934,1.4335,0.5186,0.133,0.7439,0.3617,0.2691,0.2557,0.0688,10882,2786.43522,8095.56478,2928.54803,748.9729,42498,10882,31616,11437,2925,0.519,2.905,0.5668,0.855,0.3436,0.2937,-0.0682,-0.5322,0.0001,0,1229,6573,31681,191166,25108,159484,267135
54, , ,3500, ,1, ,28/06/2023,08:55:37,Aesculus indica, NO,-,-, , ,,290,177186,22890,46575,23685,25320,28374,34421,40681,45413,0.4915,0.509,0.0672,1.035,0.7512,0.9509,1.2894,1.6228,7.5194,16.2453,0.0259,4.2484,2.0879,2.1605,0.5376,0.106,0.5085,0.2488,0.1265,0.1971,0.0249,22890,11249.64251,11640.35749,2896.69694,571.0828,46575,22890,23685,5894,1162,0.2354,1.035,0.3313,0.081,0.2456,0.0198,-1.0932,-1.703,0,0,911,3906,17003,89106,13097,72103,88080
55, , ,3500, ,1, ,28/06/2023,08:55:46,Aesculus indica, NO,-,-, , ,,300,212241,23579,48100,24521,26166,29281,35674,41997,46787,0.4902,0.51,0.0669,1.04,0.7511,0.9465,1.2703,1.6442,8.6938,19.0306,0.029,4.2939,2.1049,2.189,0.5448,0.117,0.5098,0.2489,0.1269,0.2151,0.0273,23579,11558.61208,12020.38792,2991.73881,643.643,48100,23579,24521,6103,1313,0.2329,1.04,0.3314,0.08,0.2741,0.022,-1.0955,-1.6576,0,0,940,4020,17448,94266,13429,76818,117975
56, , ,3500, ,1, ,28/06/2023,08:55:56,Aesculus indica, NO,-,-, , ,,600,1049566,7940,44945,37005,8906,9768,13985,27110,38310,0.1767,0.823,2.8303,4.661,0.518,0.8207,0.2329,0.5445,28.4022,29.8541,0.0473,1.2767,0.2255,1.0511,0.5066,0.188,0.8233,0.482,0.3968,0.372,0.1476,7940,1402.68328,6537.31672,3150.73757,1172.14151,44945,7940,37005,17835,6635,0.7833,4.661,0.9304,3.396,0.5924,2.0121,0.531,0.3036,0.0001,0,1456,8400,45442,342216,37043,296774,707350
57, , ,3500, ,1, ,28/06/2023,08:56:10,Aesculus indica, NO,-,-, , ,,600,794244,7615,44762,37147,8625,9582,13962,27483,39459,0.1701,0.83,2.7552,4.878,0.5348,0.8572,0.2576,0.5695,21.4204,22.8098,0.0357,1.2832,0.2183,1.0649,0.4953,0.152,0.8299,0.4652,0.386,0.3069,0.1185,7615,1295.47887,6319.52113,2939.53767,902.1569,44762,7615,37147,17279,5303,0.7793,4.878,0.8697,3.306,0.4428,1.464,0.5193,0.1655,0.0001,0,1460,8386,44673,309774,36288,265101,484470
58, , ,3500, ,1, ,28/06/2023,08:56:22,Aesculus indica, NO,-,-, , ,,500,1027628,7702,45641,37939,8472,9178,12636,25664,38433,0.1688,0.831,4.1446,4.926,0.4734,0.81,0.1861,0.4335,27.1258,24.8374,0.0543,1.1015,0.1859,0.9156,0.4821,0.174,0.8312,0.5266,0.4377,0.3608,0.1579,7702,1299.72621,6402.27379,3371.15431,1216.36283,45641,7702,37939,19977,7208,0.9078,4.926,1.1122,4.974,0.5645,2.8075,0.6967,0.4483,0.0001,0,1498,8798,50024,380103,41226,330079,647525
59, , ,3500, ,1, ,28/06/2023,08:56:32,Aesculus indica, NO,-,-, , ,,400,1138888,7407,42590,35183,7985,8529,11132,22377,34768,0.1739,0.826,5.323,4.75,0.4255,0.7777,0.1546,0.3529,32.41,26.882,0.081,1.0041,0.1746,0.8294,0.4765,0.184,0.8261,0.5745,0.4746,0.387,0.1837,7407,1288.18147,6118.81853,3515.32498,1360.35581,42590,7407,35183,20213,7822,0.996,4.75,1.3502,6.388,0.6313,4.0323,0.8053,0.6056,0.0001,0,1393,8275,49351,393718,41076,344367,745170
60, , ,3500, ,1, ,28/06/2023,08:56:48,Aesculus indica, NO,-,-, , ,,400,974461,7449,43313,35864,8275,9051,12618,24985,36224,0.172,0.828,3.5339,4.815,0.489,0.8023,0.2164,0.4804,27.2104,26.7356,0.068,1.1866,0.2041,0.9826,0.5021,0.194,0.828,0.511,0.4232,0.3868,0.1637,7449,1281.08422,6167.91578,3152.06224,1219.17117,43313,7449,35864,18328,7089,0.8427,4.815,1.0452,4.241,0.6308,2.6748,0.6274,0.4273,0.0001,0,1413,8235,45964,361931,37729,315967,612530
61, , ,3500, ,1, ,28/06/2023,08:57:18,Juglans nigra, NO,-,-, , ,,300,581436,6343,39776,33433,7248,8114,12059,23371,36267,0.1595,0.841,3.1788,5.271,0.5093,0.895,0.259,0.5699,17.4304,19.5035,0.0581,1.3312,0.2123,1.1189,0.549,0.117,0.8405,0.4907,0.4124,0.2139,0.0882,6343,1011.50566,5331.49434,2616.07288,559.5733,39776,6343,33433,16405,3509,0.7512,5.271,0.9634,3.815,0.2721,1.0379,0.5814,0.0162,0.0001,0,1313,7544,41276,253181,33732,211905,328255
62, , ,3500, ,1, ,28/06/2023,08:57:27,Juglans nigra, NO,-,-, , ,,280,643678,6250,40055,33805,7139,7981,11764,22876,36126,0.156,0.844,3.5555,5.409,0.4918,0.8838,0.2491,0.5437,19.0802,21.0931,0.0681,1.3099,0.2044,1.1055,0.5618,0.128,0.844,0.5082,0.4289,0.2287,0.0981,6250,975.2216,5274.77843,2680.53302,613.0633,40055,6250,33805,17179,3929,0.7634,5.409,1.0333,4.267,0.2965,1.2652,0.6301,0.1021,0.0001,0,1329,7660,42627,267033,34967,224406,376645
63, , ,3500, ,1, ,28/06/2023,08:57:36,Juglans nigra, NO,-,-, , ,,290,524198,6197,39572,33375,7271,8248,12757,24457,36607,0.1566,0.843,2.6165,5.386,0.5471,0.9112,0.2927,0.6552,15.7454,18.8554,0.0543,1.4199,0.2224,1.1975,0.5423,0.106,0.8434,0.4529,0.382,0.1962,0.0749,6197,970.4541,5226.54592,2367.01847,464.3209,39572,6197,33375,15115,2965,0.7043,5.386,0.8278,3.14,0.244,0.7662,0.4969,-0.1157,0.0001,0,1306,7404,38920,219263,31516,180343,304935
64, , ,3500, ,1, ,28/06/2023,08:57:45,Juglans nigra, NO,-,-, , ,,260,618962,6742,42947,36205,7895,8935,13729,26135,38960,0.157,0.843,2.7232,5.37,0.5356,0.8899,0.2873,0.6433,17.1352,20.5785,0.0659,1.4246,0.2236,1.2009,0.5577,0.132,0.843,0.4644,0.3915,0.2372,0.0928,6742,1058.38741,5683.61259,2639.2182,625.896,42947,6742,36205,16812,3987,0.702,5.37,0.8669,3.268,0.3109,1.0159,0.5143,0.0069,0.0001,0,1418,8048,42695,264812,34647,222117,354150
65, , ,3500, ,1, ,28/06/2023,08:57:59,Juglans nigra, NO,-,-, , ,,290,457956,5467,35382,29915,6457,7328,11488,22115,32730,0.1545,0.845,2.5485,5.472,0.5565,0.9113,0.2912,0.6709,15.3477,18.5024,0.0529,1.4259,0.2203,1.2056,0.5346,0.107,0.8455,0.4435,0.375,0.1999,0.075,5467,844.7258,4622.27418,2049.93186,409.7701,35382,5467,29915,13267,2652,0.7013,5.472,0.7969,3.058,0.2498,0.7641,0.4855,-0.1169,0.0002,0,1170,6618,34368,194826,27750,160458,263130
66, , ,3500, ,1, ,28/06/2023,08:58:21,Juglans nigra, NO,-,-, , ,,290,734238,6660,41938,35278,7487,8255,11806,23058,37426,0.1588,0.841,4.0869,5.297,0.4648,0.8721,0.2177,0.4862,20.8523,21.8128,0.0719,1.2435,0.1975,1.0461,0.5598,0.134,0.8412,0.5352,0.4502,0.239,0.1076,6660,1057.647,5602.353,2998.25457,716.532,41938,6660,35278,18880,4512,0.8042,5.297,1.1514,4.904,0.314,1.5401,0.6906,0.1876,0.0001,0,1389,8087,46270,299958,38183,253687,434280
67, , ,3500, ,1, ,28/06/2023,08:58:30,Juglans nigra, NO,-,-, , ,,280,633669,6095,39317,33222,6892,7634,11112,22080,35418,0.155,0.845,3.956,5.451,0.4812,0.8826,0.2233,0.5034,19.1132,19.996,0.0683,1.2381,0.1919,1.0462,0.5428,0.123,0.845,0.5188,0.4384,0.2262,0.0992,6095,944.8591,5150.14091,2672.11423,604.4308,39317,6095,33222,17237,3899,0.8077,5.451,1.0783,4.747,0.2923,1.3877,0.6764,0.1423,0.0001,0,1308,7596,42727,265914,35131,223187,367755
68, , ,3500, ,1, ,28/06/2023,08:58:39,Juglans nigra, NO,-,-, , ,,400,690219,6704,43283,36579,7673,8538,12608,24080,39020,0.1549,0.845,3.7495,5.456,0.475,0.8835,0.2365,0.538,18.9086,21.4158,0.0473,1.3402,0.2076,1.1326,0.5946,0.132,0.8451,0.525,0.4437,0.222,0.0985,6704,1038.36647,5665.63353,2974.30659,660.2858,43283,6704,36579,19203,4263,0.7462,5.456,1.1051,4.499,0.2853,1.2839,0.6532,0.1085,0.0001,0,1438,8302,46762,296999,38461,250236,393220
69, , ,3500, ,1, ,28/06/2023,08:58:47,Juglans nigra, NO,-,-, , ,,280,658888,6733,43261,36528,7739,8638,12869,24957,39293,0.1556,0.844,3.4162,5.425,0.4989,0.8914,0.2461,0.5599,18.0772,20.2885,0.0646,1.3292,0.2069,1.1223,0.5624,0.122,0.8444,0.5011,0.4231,0.2168,0.0917,6733,1047.90201,5685.09799,2848.77446,617.5665,43261,6733,36528,18304,3968,0.7523,5.425,1.0044,4.099,0.2768,1.1347,0.6127,0.0549,0.0001,0,1435,8253,45565,280578,37311,235013,378310
70, , ,3500, ,1, ,28/06/2023,08:59:01,Juglans nigra, NO,-,-, , ,,400,692536,6746,43457,36711,7709,8572,12601,24246,39242,0.1552,0.845,3.7709,5.442,0.4767,0.8852,0.2351,0.5316,18.9039,21.0823,0.0473,1.3202,0.2049,1.1152,0.5836,0.128,0.8448,0.5233,0.4421,0.2194,0.097,6746,1047.20795,5698.79205,2982.19863,654.3109,43457,6746,36711,19211,4215,0.7575,5.442,1.0978,4.525,0.2811,1.2719,0.6556,0.1045,0.0001,0,1443,8340,46965,293716,38625,246752,398820
71, , ,3500, ,1, ,28/06/2023,08:59:17,Juglans nigra, NO,-,-, , ,,300,773164,7026,45867,38841,8010,8928,13056,25388,41177,0.1532,0.847,3.9747,5.528,0.4727,0.8793,0.2363,0.5175,19.9452,21.8331,0.0665,1.2927,0.198,1.0947,0.5772,0.132,0.8468,0.5273,0.4465,0.229,0.1023,7026,1076.25692,5949.74308,3137.01472,718.4237,45867,7026,38841,20479,4690,0.7736,5.528,1.1153,4.77,0.297,1.4168,0.6785,0.1513,0.0001,0,1527,8846,50091,323804,41245,273713,449360
72, , ,3500, ,1, ,28/06/2023,08:59:25,Juglans nigra, NO,-,-, , ,,300,666014,6625,42791,36166,7543,8416,12390,24071,38972,0.1548,0.845,3.7455,5.459,0.4824,0.8944,0.2414,0.5313,18.4548,20.3278,0.0615,1.3033,0.2018,1.1015,0.5701,0.116,0.8452,0.5176,0.4375,0.204,0.0892,6625,1025.69758,5599.30242,2898.273,591.2663,42791,6625,36166,18720,3819,0.7673,5.459,1.073,4.495,0.2563,1.1519,0.6527,0.0614,0.0001,0,1422,8216,46108,279479,37893,233371,386535
73, , ,3500, ,1, ,28/06/2023,08:59:36,Juglans nigra, NO,-,-, , ,,290,697403,7143,45769,38626,8277,9325,14054,26397,41764,0.1561,0.844,3.198,5.408,0.4985,0.8963,0.2713,0.5964,18.0945,21.6493,0.0624,1.4177,0.2213,1.1965,0.6001,0.124,0.8439,0.5015,0.4233,0.2067,0.0875,7143,1114.78182,6028.21818,3023.317,625.0457,45769,7143,38626,19372,4005,0.7054,5.408,1.0061,3.838,0.2606,1.0002,0.5841,0.0001,0.0001,0,1514,8657,47714,294623,39057,246909,402780
74, , ,3500, ,1, ,28/06/2023,08:59:45,Juglans nigra, NO,-,-, , ,,280,598781,6737,42937,36200,7910,8963,13860,25936,39417,0.1569,0.843,2.7032,5.373,0.5304,0.9028,0.2909,0.6559,16.5801,20.5045,0.0592,1.4669,0.2302,1.2367,0.5808,0.12,0.8431,0.4696,0.396,0.207,0.082,6737,1057.06428,5679.93572,2667.53003,552.3031,42937,6737,36200,17001,3520,0.6817,5.373,0.8855,3.244,0.2611,0.847,0.5111,-0.0721,0.0001,0,1416,8022,42798,254946,34776,212148,343835
75, , ,3500, ,1, ,28/06/2023,08:59:54,Juglans nigra, NO,-,-, , ,,290,652251,6445,41617,35172,7419,8281,12378,24018,37562,0.1549,0.845,3.4202,5.457,0.4996,0.8847,0.2451,0.5623,18.5839,20.9143,0.0641,1.3316,0.2062,1.1254,0.5631,0.13,0.8451,0.5004,0.4229,0.2304,0.0974,6445,998.1023,5446.89766,2725.46207,627.9759,41617,6445,35172,17599,4055,0.751,5.457,1.0015,4.104,0.2994,1.2288,0.6132,0.0895,0.0001,0,1381,7944,43794,270991,35850,227197,381260
76, , ,3500, ,1, ,28/06/2023,09:01:21,Davidia involucrata var. vilmoriniana, NO,-,-, , ,,400,1021239,6072,37792,31720,6648,7181,9822,21692,31098,0.1607,0.839,4.7062,5.224,0.4924,0.789,0.168,0.3941,32.235,25.7962,0.0806,0.9534,0.1532,0.8003,0.4062,0.169,0.8393,0.5076,0.426,0.4158,0.1771,6072,975.5817,5096.41829,2586.76969,1075.51778,37792,6072,31720,16100,6694,1.0488,5.224,1.0307,5.647,0.7117,4.0191,0.7519,0.6041,0.0001,0,1254,7410,41784,324189,34374,282405,697050
77, , ,3500, ,1, ,28/06/2023,09:01:29,Davidia involucrata var. vilmoriniana, NO,-,-, , ,,400,1201497,6465,43039,36574,7007,7496,9902,22885,35534,0.1502,0.85,7.0475,5.657,0.449,0.7948,0.1337,0.3132,32.8908,22.9487,0.0822,0.8211,0.1233,0.6977,0.3845,0.143,0.8498,0.551,0.4683,0.3724,0.1744,6465,971.1244,5493.87555,3027.3847,1127.34555,43039,6465,36574,20154,7505,1.2179,5.657,1.2274,8.457,0.5933,5.0178,0.9272,0.7005,0.0001,0,1449,8666,51088,388012,42421,336924,813485
78, , ,3500, ,1, ,28/06/2023,09:01:38,Davidia involucrata var. vilmoriniana, NO,-,-, , ,,300,982281,6036,38116,32080,6661,7247,10202,22615,31886,0.1584,0.842,4.161,5.315,0.5168,0.8058,0.1827,0.4329,30.6592,25.6804,0.1022,0.9952,0.1576,0.8376,0.4047,0.163,0.8416,0.4832,0.4067,0.4019,0.1634,6036,955.8531,5080.14692,2454.71812,986.5747,38116,6036,32080,15501,6230,1.0048,5.315,0.935,4.993,0.672,3.3553,0.6984,0.5257,0.0001,0,1267,7447,40894,309871,33446,268978,672410
79, , ,3500, ,1, ,28/06/2023,09:01:47,Davidia involucrata var. vilmoriniana, NO,-,-, , ,,300,885736,6227,42719,36492,6804,7338,9995,22770,36968,0.1458,0.854,6.6259,5.86,0.4533,0.8424,0.1463,0.3442,24.3116,18.4582,0.081,0.8888,0.1296,0.7592,0.415,0.12,0.8542,0.5467,0.467,0.2883,0.1346,6227,907.6881,5319.31188,2907.89632,838.3033,42719,6227,36492,19949,5751,1.1251,5.86,1.2059,7.951,0.4051,3.2206,0.9004,0.5079,0.0001,0,1445,8603,50227,365131,41624,314904,520605
80, , ,3500, ,1, ,28/06/2023,09:01:56,Davidia involucrata var. vilmoriniana, NO,-,-, , ,,300,965753,6095,38674,32579,6711,7244,9976,22196,32164,0.1576,0.842,4.7795,5.345,0.4942,0.8002,0.1636,0.3971,29.6829,23.8493,0.0989,0.9538,0.1503,0.8035,0.4064,0.161,0.8424,0.5058,0.4261,0.3951,0.1683,6095,960.5685,5134.43153,2596.92326,1025.97223,38674,6095,32579,16478,6510,1.0485,5.345,1.0234,5.735,0.6531,3.7457,0.7586,0.5735,0.0001,0,1288,7607,42835,325313,35228,282477,640440
81, , ,3500, ,1, ,28/06/2023,09:02:12,Davidia involucrata var. vilmoriniana, NO,-,-, , ,,400,807318,6395,39663,33268,6941,7436,10010,22822,34005,0.1612,0.839,5.0819,5.202,0.4938,0.8299,0.1488,0.3622,24.3067,17.8301,0.0608,0.8746,0.141,0.7335,0.3713,0.125,0.8388,0.5062,0.4246,0.336,0.1427,6395,1031.08754,5363.91246,2715.33154,912.2585,39663,6395,33268,16841,5658,1.1434,5.202,1.0252,6.098,0.5059,3.0854,0.7852,0.4893,0.0001,0,1317,7820,44267,315128,36447,270861,492190
82, , ,3500, ,1, ,28/06/2023,09:02:20,Davidia involucrata var. vilmoriniana, NO,-,-, , ,,400,1004158,6134,39359,33225,6575,6984,8837,18362,31498,0.1558,0.844,8.8796,5.417,0.368,0.7634,0.1231,0.2712,30.2626,22.2985,0.0757,0.8729,0.136,0.7368,0.4657,0.174,0.8442,0.632,0.5335,0.3744,0.1997,6134,955.9683,5178.03171,3272.32902,1225.11685,39359,6134,33225,20997,7861,1.1456,5.417,1.7171,10.656,0.5984,6.3766,1.0276,0.8046,0.0001,0,1318,7922,49861,402333,41939,352472,601825
83, , ,3500, ,1, ,28/06/2023,09:02:30,Davidia involucrata var. vilmoriniana, NO,-,-, , ,,290,975030,6353,42965,36612,6831,7285,9436,21589,35173,0.1479,0.852,8.5123,5.763,0.4161,0.7872,0.124,0.2807,26.6711,17.9896,0.092,0.7915,0.117,0.6745,0.3938,0.144,0.8521,0.5839,0.4975,0.3645,0.1814,6353,939.3834,5413.61657,3160.75243,1152.1605,42965,6353,36612,21376,7792,1.2634,5.763,1.403,10.215,0.5736,5.8593,1.0092,0.7678,0.0001,0,1453,8723,52896,414790,44173,361893,560240
84, , ,3500, ,1, ,28/06/2023,09:02:39,Davidia involucrata var. vilmoriniana, NO,-,-, , ,,290,879991,5727,39343,33616,6178,6567,8619,20311,32640,0.1456,0.854,8.2513,5.87,0.4338,0.8006,0.1157,0.2868,26.2174,17.3297,0.0904,0.7736,0.1126,0.661,0.3742,0.132,0.8544,0.5662,0.4837,0.3522,0.1704,5727,833.656,4893.34397,2770.41059,975.7284,39343,5727,33616,19032,6703,1.2926,5.87,1.305,9.902,0.5437,5.3833,0.9957,0.731,0.0001,0,1334,8005,47911,363121,39906,315210,516870
85, , ,3500, ,1, ,28/06/2023,09:02:48,Davidia involucrata var. vilmoriniana, NO,-,-, , ,,290,1033770,5871,39916,34045,6261,6642,8379,19103,32215,0.1471,0.853,10.2611,5.799,0.3887,0.7738,0.1119,0.2456,30.4045,19.2096,0.1048,0.7408,0.109,0.6318,0.3862,0.143,0.8529,0.6113,0.5214,0.37,0.1929,5871,863.5294,5007.47056,3061.25671,1132.69293,39916,5871,34045,20813,7701,1.35,5.799,1.5729,12.313,0.5873,7.2319,1.0904,0.8593,0.0001,0,1353,8162,50793,400440,42631,349647,633330
86, , ,3500, ,1, ,28/06/2023,09:03:05,Davidia involucrata var. vilmoriniana, NO,-,-, , ,,600,997350,6632,44910,38278,7233,7816,10440,22091,38241,0.1477,0.852,7.3697,5.772,0.4039,0.8258,0.1523,0.3316,26.0951,21.4266,0.0435,0.9634,0.1423,0.8211,0.4895,0.143,0.8523,0.5961,0.5081,0.2923,0.1485,6632,979.3682,5652.63184,3369.75302,984.8321,44910,6632,38278,22819,6669,1.038,5.772,1.4761,8.844,0.4129,3.6519,0.9466,0.5625,0.0001,0,1516,9029,54803,416235,45773,361433,581115
87, , ,3500, ,1, ,28/06/2023,09:03:13,Davidia involucrata var. vilmoriniana, NO,-,-, , ,,400,909134,6188,39998,33810,6731,7227,9706,21773,34474,0.1547,0.845,5.9815,5.464,0.461,0.8366,0.1467,0.3468,26.9291,20.2623,0.0673,0.8901,0.1377,0.7524,0.4056,0.123,0.8453,0.539,0.4556,0.3031,0.1381,6188,957.3315,5230.66853,2819.54848,854.6055,39998,6188,33810,18225,5524,1.1234,5.464,1.1694,7.178,0.4349,3.1218,0.856,0.4944,0.0001,0,1339,7966,46403,327769,38437,281366,581365
88, , ,3500, ,1, ,28/06/2023,09:03:22,Davidia involucrata var. vilmoriniana, NO,-,-, , ,,280,925122,6393,42382,35989,6872,7327,9498,21293,35926,0.1508,0.849,8.1169,5.629,0.414,0.8206,0.1264,0.2876,25.7454,17.8835,0.0919,0.818,0.1234,0.6946,0.407,0.125,0.8492,0.586,0.4976,0.3061,0.1523,6393,964.3351,5428.66493,3181.11408,973.8381,42382,6393,35989,21089,6456,1.2225,5.629,1.4154,9.74,0.4412,4.2973,0.9886,0.6332,0.0001,0,1428,8565,51895,386762,43330,334867,538360
89, , ,3500, ,1, ,28/06/2023,09:03:32,Davidia involucrata var. vilmoriniana, NO,-,-, , ,,400,976467,5539,36597,31058,5960,6386,8309,19594,30448,0.1514,0.849,7.3022,5.607,0.4525,0.802,0.1372,0.2973,31.4798,20.6804,0.0787,0.7741,0.1172,0.6569,0.3596,0.13,0.8486,0.5475,0.4646,0.3616,0.168,5539,838.3343,4700.66568,2573.42452,930.6586,36597,5539,31058,17003,6149,1.2918,5.607,1.2097,8.763,0.5665,4.9642,0.9426,0.6959,0.0002,0,1232,7379,43568,323812,36189,280244,652655
90, , ,3500, ,1, ,28/06/2023,09:03:44,Davidia involucrata var. vilmoriniana, NO,-,-, , ,,290,921070,6108,40219,34111,6597,7059,9299,21180,33829,0.1519,0.848,7.0651,5.585,0.4419,0.8127,0.1354,0.3118,27.0418,19.084,0.0932,0.8321,0.1264,0.7057,0.3939,0.132,0.8481,0.5581,0.4734,0.3356,0.1589,6108,927.6129,5180.38708,2891.42475,970.4398,40219,6108,34111,19039,6390,1.2018,5.585,1.2632,8.478,0.5052,4.2829,0.9283,0.6317,0.0001,0,1353,8087,47991,358490,39904,310498,562580
91, , ,3500, ,1, ,28/06/2023,09:05:13,Phoenix dactylifera, NO,-,-, , ,,700,903432,5054,31975,26921,5402,5737,7287,15518,28023,0.1581,0.842,8.263,5.327,0.3887,0.8532,0.1244,0.2765,33.5983,23.8994,0.048,0.8449,0.1335,0.7113,0.4348,0.104,0.8419,0.6113,0.5147,0.2401,0.1236,5054,798.8402,4255.15978,2601.20963,624.657,31975,5054,26921,16457,3952,1.1836,5.327,1.5727,9.916,0.316,3.1337,0.9963,0.4961,0.0002,0,1068,6420,39790,261647,33370,221858,641785
92, , ,3500, ,1, ,28/06/2023,09:05:23,Phoenix dactylifera, NO,-,-, , ,,700,1032119,5328,30081,24753,5628,5928,7278,14155,24817,0.1771,0.823,7.8057,4.646,0.3566,0.7873,0.1212,0.2626,41.7364,30.7338,0.0596,0.8949,0.1585,0.7364,0.4738,0.157,0.8229,0.6434,0.5294,0.3305,0.175,5328,943.7048,4384.2952,2820.84133,932.369,30081,5328,24753,15926,5264,1.1175,4.646,1.8042,9.367,0.4937,4.6246,0.9716,0.6651,0.0002,0,983,5913,37588,284134,31676,246546,747985
93, , ,3500, ,1, ,28/06/2023,09:05:32,Phoenix dactylifera, NO,-,-, , ,,800,1028647,4863,27320,22457,5108,5359,6433,10938,22109,0.178,0.822,9.9021,4.618,0.2705,0.768,0.1118,0.233,45.8449,39.4933,0.0573,1.048,0.1865,0.8615,0.6284,0.2,0.822,0.7295,0.5996,0.3181,0.1907,4863,865.6211,3997.37888,2916.01999,927.5656,27320,4863,22457,16382,5211,0.9542,4.618,2.6966,11.882,0.4665,5.5429,1.0749,0.7437,0.0002,0,893,5386,36261,285902,30875,249641,742745
94, , ,3500, ,1, ,28/06/2023,09:05:42,Phoenix dactylifera, NO,-,-, , ,,700,1109336,5838,34670,28832,6181,6540,8182,16838,29420,0.1684,0.832,7.8111,4.939,0.3815,0.8179,0.1245,0.271,38.5155,27.3577,0.055,0.8541,0.1438,0.7103,0.4393,0.129,0.8316,0.6185,0.5143,0.2944,0.1514,5838,983.0471,4854.95287,3002.68866,884.0352,34670,5838,28832,17832,5250,1.1708,4.939,1.6211,9.373,0.4173,3.9112,0.9719,0.5923,0.0001,0,1145,6882,42914,303946,36032,261032,805390
95, , ,3500, ,1, ,28/06/2023,09:05:54,Phoenix dactylifera, NO,-,-, , ,,600,843412,5687,36110,30423,6155,6598,8747,18992,32010,0.1575,0.843,6.3033,5.35,0.4373,0.8652,0.1456,0.3353,27.7625,21.2835,0.0463,0.9099,0.1433,0.7666,0.4314,0.103,0.8425,0.5627,0.4741,0.2395,0.1135,5687,895.6513,4791.34868,2695.93093,645.7131,36110,5687,30423,17118,4100,1.099,5.35,1.2866,7.564,0.3149,2.3822,0.8787,0.377,0.0001,0,1205,7182,42655,279157,35473,236502,564255
96, , ,3500, ,1, ,28/06/2023,09:06:04,Phoenix dactylifera, NO,-,-, , ,,600,765236,4937,28198,23261,5271,5578,6992,13338,24092,0.1751,0.825,7.0262,4.712,0.3612,0.8235,0.132,0.2945,32.9375,26.8565,0.0549,0.9884,0.1731,0.8154,0.5209,0.144,0.8249,0.6388,0.527,0.2763,0.1456,4937,864.3864,4072.61355,2601.73842,718.8922,28198,4937,23261,14860,4106,1.0117,4.712,1.7688,8.431,0.3818,3.2192,0.9259,0.5078,0.0002,0,923,5523,34885,250816,29362,215931,514420
97, , ,3500, ,1, ,28/06/2023,09:06:16,Phoenix dactylifera, NO,-,-, , ,,700,476888,2852,15420,12568,3019,3188,3874,6661,12682,0.185,0.815,7.6956,4.407,0.3031,0.7821,0.1345,0.2711,37.9844,33.9722,0.0543,1.0973,0.203,0.8944,0.6233,0.195,0.815,0.6969,0.568,0.3126,0.1776,2852,527.4905,2324.50947,1620.01738,506.4057,15420,2852,12568,8759,2738,0.9113,4.407,2.2996,9.235,0.4547,4.1994,0.9654,0.6232,0.0003,0.0001,499,2992,19728,153673,16736,133946,323215
98, , ,3500, ,1, ,28/06/2023,09:06:27,Phoenix dactylifera, NO,-,-, , ,,600,601832,4596,25378,20782,4902,5185,6506,13328,22086,0.1811,0.819,5.8402,4.522,0.4202,0.8416,0.1362,0.3064,28.9989,21.1437,0.0483,0.8904,0.1612,0.7291,0.4228,0.115,0.8189,0.5798,0.4748,0.2732,0.1297,4596,832.3436,3763.6564,2182.27599,596.1869,25378,4596,20782,12050,3292,1.1231,4.522,1.38,7.008,0.3759,2.6343,0.8456,0.4207,0.0002,0,824,4926,29828,208302,24902,178474,393530
99, , ,3500, ,1, ,28/06/2023,09:06:41,Phoenix dactylifera, NO,-,-, , ,,600,820653,5736,31861,26125,6156,6535,8322,16970,27830,0.18,0.82,5.3762,4.555,0.43,0.8457,0.1451,0.33,31.4522,24.1337,0.0524,0.9358,0.1685,0.7673,0.4374,0.118,0.82,0.57,0.4674,0.2707,0.1265,5736,1032.66363,4703.33637,2680.85672,725.709,31861,5736,26125,14891,4031,1.0686,4.555,1.3255,6.451,0.3712,2.3947,0.8097,0.3792,0.0001,0,1035,6164,36954,254453,30790,217499,566200
100, , ,3500, ,1, ,28/06/2023,09:06:50,Phoenix dactylifera, NO,-,-, , ,,700,731263,4756,25651,20895,5033,5327,6600,13353,21956,0.1854,0.815,5.9669,4.393,0.4114,0.8232,0.1407,0.2942,35.0367,25.0505,0.0501,0.8777,0.1627,0.715,0.4208,0.126,0.8146,0.5886,0.4794,0.3005,0.144,4756,881.8189,3874.18112,2280.19524,685.0969,25651,4756,20895,12298,3695,1.1393,4.393,1.4305,7.16,0.4295,3.0754,0.8549,0.4879,0.0002,0,829,4962,30315,213873,25353,183558,517390
101, , ,3500, ,1, ,28/06/2023,09:07:00,Phoenix dactylifera, NO,-,-, , ,,600,854200,5710,32082,26372,6084,6450,8120,16737,27667,0.178,0.822,6.0434,4.619,0.4181,0.8326,0.1388,0.3046,32.4301,23.6258,0.0541,0.8863,0.1577,0.7285,0.4239,0.122,0.822,0.5819,0.4783,0.2877,0.1376,5710,1016.27392,4693.72608,2731.12493,785.788,32082,5710,26372,15345,4415,1.1283,4.619,1.3916,7.252,0.4039,2.9293,0.8605,0.4668,0.0001,0,1046,6256,37979,266610,31723,228631,587590
102, , ,3500, ,1, ,28/06/2023,09:07:09,Phoenix dactylifera, NO,-,-, , ,,600,788659,5608,30564,24956,5979,6342,8000,16240,26501,0.1835,0.817,5.4397,4.45,0.426,0.8372,0.1455,0.3195,31.6416,23.7292,0.0527,0.9185,0.1685,0.7499,0.4304,0.122,0.8165,0.574,0.4687,0.2836,0.1329,5608,1028.97736,4579.02264,2628.22248,745.4948,30564,5608,24956,14324,4063,1.0888,4.45,1.3473,6.528,0.396,2.5847,0.8148,0.4124,0.0001,0,989,5903,35619,247579,29715,211961,541080
103, , ,3500, ,1, ,28/06/2023,09:07:20,Phoenix dactylifera, NO,-,-, , ,,600,883896,5657,32028,26371,6079,6485,8302,17118,27794,0.1766,0.823,5.4092,4.662,0.4346,0.8394,0.154,0.3343,33.5573,25.8148,0.0559,0.9343,0.165,0.7693,0.4349,0.124,0.8234,0.5654,0.4655,0.284,0.1322,5657,999.17725,4657.82275,2633.50412,747.8375,32028,5657,26371,14910,4234,1.0703,4.662,1.3009,6.491,0.3966,2.5743,0.8123,0.4107,0.0001,0,1045,6219,37155,256081,30936,218926,627815
104, , ,3500, ,1, ,28/06/2023,09:07:46,Phoenix dactylifera, NO,-,-, , ,,900,778613,5481,26459,20978,5764,6032,7105,11284,21426,0.2072,0.793,7.0889,3.827,0.2766,0.7601,0.1278,0.258,37.1554,34.6605,0.0413,1.1766,0.2437,0.9329,0.6748,0.224,0.7928,0.7234,0.5735,0.3317,0.1902,5481,1135.39291,4345.60709,3143.51166,1042.5894,26459,5481,20978,15175,5033,0.8499,3.827,2.615,8.507,0.4963,4.2215,0.9298,0.6255,0.0001,0,833,5006,33502,277163,28496,243661,501450
105, , ,3500, ,1, ,28/06/2023,09:08:08,Phoenix dactylifera, NO,-,-, , ,,900,861544,5733,29879,24146,6010,6287,7385,11985,24114,0.1919,0.808,9.2168,4.212,0.2589,0.7612,0.1147,0.2281,35.7204,31.462,0.0397,1.0899,0.2091,0.8808,0.6527,0.21,0.8081,0.7411,0.5989,0.3222,0.1929,5733,1100.01302,4632.98698,3433.39141,1106.15298,29879,5733,24146,17894,5765,0.9175,4.212,2.8621,11.06,0.4753,5.257,1.0438,0.7207,0.0001,0,960,5794,39257,327844,33463,288586,533700
,,,,,,,,,,,,,,,,,,,,,,,,,,,,,,,,,,,,,,,,,,,,,,,,,,,,,,,,,,,,,,,,,,,,,,,,,
End Of File,,,,,,,,,,,,,,,,,,,,,,,,,,,,,,,,,,,,,,,,,,,,,,,,,,,,,,,,,,,,,,,,,,,,,,,,,
